,player_name,pitcher,pitch_type,PC,%,Velo,SwStr%,Strike%,Ball%,GB%
0,A.J. Minter,621345,CH,4,0.211,86.7,0.25,0.25,0.75,
1,A.J. Minter,621345,FC,5,0.263,89.3,0.2,0.2,0.6,1.0
2,A.J. Minter,621345,FF,10,0.526,94.6,0.0,0.6,0.3,1.0
3,Aaron Bummer,607481,CU,1,0.053,80.0,0.0,1.0,0.0,
4,Aaron Bummer,607481,FF,2,0.105,93.0,0.0,0.5,0.0,1.0
5,Aaron Bummer,607481,SI,4,0.211,90.9,0.0,0.75,0.25,
6,Aaron Bummer,607481,ST,12,0.632,81.1,0.083,0.167,0.583,0.333
7,Adrian Morejon,670970,FC,3,0.13,94.6,0.0,0.333,0.667,
8,Adrian Morejon,670970,FF,1,0.043,97.4,1.0,1.0,0.0,
9,Adrian Morejon,670970,SI,14,0.609,97.2,0.0,0.357,0.5,1.0
10,Adrian Morejon,670970,SL,5,0.217,87.1,0.4,0.4,0.2,1.0
11,Albert Suarez,544150,CH,4,0.103,85.0,0.25,0.5,0.25,1.0
12,Albert Suarez,544150,CU,2,0.051,78.3,0.0,0.0,0.5,1.0
13,Albert Suarez,544150,FC,12,0.308,85.4,0.167,0.333,0.417,0.333
14,Albert Suarez,544150,FF,17,0.436,93.0,0.118,0.471,0.353,0.667
15,Albert Suarez,544150,SV,4,0.103,80.1,0.0,0.5,0.25,0.0
16,Alek Jacob,689690,CH,12,0.387,75.6,0.0,0.583,0.167,0.667
17,Alek Jacob,689690,FF,14,0.452,86.1,0.143,0.643,0.214,0.5
18,Alek Jacob,689690,SI,3,0.097,85.2,0.0,0.333,0.667,
19,Alek Jacob,689690,ST,2,0.065,72.3,0.0,1.0,0.0,
20,Alex Vesia,681911,CH,1,0.015,84.2,0.0,0.0,1.0,
21,Alex Vesia,681911,FF,41,0.612,92.3,0.171,0.634,0.268,0.25
22,Alex Vesia,681911,SL,25,0.373,83.5,0.04,0.52,0.4,0.5
23,Andres Munoz,662253,FF,5,0.417,98.6,0.0,0.6,0.2,1.0
24,Andres Munoz,662253,SI,2,0.167,98.4,0.0,0.0,1.0,
25,Andres Munoz,662253,SL,5,0.417,88.0,0.4,0.4,0.6,
26,Angel Chivilli,683409,CH,4,0.286,89.8,0.0,0.25,0.5,1.0
27,Angel Chivilli,683409,FF,8,0.571,97.4,0.25,0.625,0.25,1.0
28,Angel Chivilli,683409,SL,2,0.143,91.2,0.0,0.5,0.5,
29,Angel Zerpa,672582,CH,1,0.053,89.1,0.0,0.0,0.0,1.0
30,Angel Zerpa,672582,FF,4,0.211,95.8,0.0,0.0,0.75,1.0
31,Angel Zerpa,672582,SI,7,0.368,96.5,0.0,0.429,0.286,0.5
32,Angel Zerpa,672582,SL,7,0.368,83.2,0.143,0.714,0.0,1.0
33,Anthony Banda,607455,FF,13,0.619,95.8,0.077,0.538,0.385,0.0
34,Anthony Banda,607455,SI,1,0.048,96.2,0.0,0.0,0.0,0.0
35,Anthony Banda,607455,SL,7,0.333,86.3,0.429,0.571,0.286,0.0
36,Anthony Veneziano,685107,CH,2,0.111,88.2,0.0,0.5,0.5,
37,Anthony Veneziano,685107,FF,5,0.278,95.6,0.0,0.2,0.4,1.0
38,Anthony Veneziano,685107,SL,6,0.333,86.4,0.167,0.5,0.5,
39,Anthony Veneziano,685107,ST,5,0.278,81.1,0.2,0.8,0.0,0.0
40,Aroldis Chapman,547973,FF,10,0.909,97.3,0.1,0.4,0.3,0.667
41,Aroldis Chapman,547973,SL,1,0.091,87.0,0.0,0.0,1.0,
42,Beau Brieske,689225,CH,11,0.333,89.3,0.182,0.455,0.364,0.5
43,Beau Brieske,689225,FF,15,0.455,96.1,0.2,0.6,0.2,0.333
44,Beau Brieske,689225,SI,3,0.091,95.2,0.0,0.667,0.0,1.0
45,Beau Brieske,689225,SL,4,0.121,87.8,0.25,0.25,0.5,1.0
46,Ben Brown,676962,CH,1,0.015,92.5,0.0,0.0,1.0,
47,Ben Brown,676962,CU,35,0.538,85.9,0.371,0.6,0.229,0.667
48,Ben Brown,676962,FF,29,0.446,95.5,0.034,0.414,0.552,0.0
49,Ben Casparius,676508,CU,6,0.158,80.0,0.333,0.667,0.333,
50,Ben Casparius,676508,FC,3,0.079,92.7,0.0,0.667,0.333,
51,Ben Casparius,676508,FF,17,0.447,96.1,0.176,0.412,0.412,0.0
52,Ben Casparius,676508,SL,12,0.316,83.6,0.0,0.583,0.25,0.5
53,Ben Lively,594902,CH,3,0.045,84.1,0.0,0.0,1.0,
54,Ben Lively,594902,CU,10,0.149,77.5,0.0,0.2,0.4,0.5
55,Ben Lively,594902,FF,23,0.343,89.6,0.087,0.565,0.217,0.2
56,Ben Lively,594902,SI,14,0.209,89.9,0.071,0.5,0.143,0.0
57,Ben Lively,594902,SL,11,0.164,83.0,0.0,0.636,0.273,0.0
58,Ben Lively,594902,ST,6,0.09,78.0,0.333,0.667,0.167,0.0
59,Blake Snell,605483,CH,25,0.272,86.2,0.24,0.36,0.44,0.6
60,Blake Snell,605483,CU,28,0.304,81.5,0.107,0.357,0.5,0.5
61,Blake Snell,605483,FF,32,0.348,95.5,0.156,0.375,0.375,0.25
62,Blake Snell,605483,SL,7,0.076,88.9,0.0,0.571,0.286,0.0
63,Blake Treinen,595014,FC,2,0.051,90.5,0.0,0.5,0.0,0.0
64,Blake Treinen,595014,FF,6,0.154,94.7,0.167,0.5,0.5,
65,Blake Treinen,595014,SI,12,0.308,96.1,0.0,0.583,0.417,
66,Blake Treinen,595014,ST,19,0.487,84.1,0.158,0.526,0.368,0.5
67,Brad Keller,641745,CH,2,0.043,92.1,0.0,0.0,1.0,
68,Brad Keller,641745,FF,17,0.37,96.7,0.0,0.529,0.235,0.25
69,Brad Keller,641745,SI,9,0.196,92.9,0.556,0.667,0.333,
70,Brad Keller,641745,SL,16,0.348,86.9,0.125,0.5,0.312,0.667
71,Brad Keller,641745,ST,2,0.043,85.9,0.0,0.0,1.0,
72,Brenan Hanifee,669724,CH,1,0.05,90.6,0.0,0.0,1.0,
73,Brenan Hanifee,669724,SI,14,0.7,95.4,0.071,0.571,0.214,0.667
74,Brenan Hanifee,669724,SL,5,0.25,88.7,0.2,0.4,0.6,
75,Brendon Little,663893,CU,4,0.364,87.4,0.75,0.75,0.25,
76,Brendon Little,663893,FC,1,0.091,91.8,0.0,1.0,0.0,
77,Brendon Little,663893,SI,6,0.545,94.0,0.0,0.667,0.333,
78,Brennan Bernardino,657514,CH,6,0.4,80.1,0.0,0.0,0.5,0.667
79,Brennan Bernardino,657514,CU,1,0.067,79.7,0.0,1.0,0.0,
80,Brennan Bernardino,657514,FC,4,0.267,86.5,0.0,0.75,0.25,
81,Brennan Bernardino,657514,SI,4,0.267,92.6,0.0,0.5,0.25,0.0
82,Bryan Abreu,650556,CH,1,0.04,91.7,0.0,0.0,1.0,
83,Bryan Abreu,650556,FF,10,0.4,97.8,0.0,0.2,0.7,1.0
84,Bryan Abreu,650556,SL,14,0.56,86.9,0.143,0.5,0.429,0.0
85,Bryan Baker,641329,CH,4,0.25,85.3,0.25,0.5,0.25,0.0
86,Bryan Baker,641329,FF,7,0.438,97.4,0.143,0.714,0.143,0.0
87,Bryan Baker,641329,SL,5,0.312,88.4,0.0,0.6,0.4,
88,Bryan Hudson,663542,FC,3,0.125,89.2,0.0,0.0,1.0,
89,Bryan Hudson,663542,FF,16,0.667,90.8,0.062,0.438,0.438,0.5
90,Bryan Hudson,663542,ST,5,0.208,80.9,0.2,0.6,0.4,
91,Bryan King,687911,FF,2,0.4,91.6,0.0,1.0,0.0,
92,Bryan King,687911,SI,1,0.2,91.3,0.0,1.0,0.0,
93,Bryan King,687911,SL,2,0.4,79.9,0.0,0.5,0.0,0.0
94,Bryce Jarvis,686826,CH,4,0.114,82.3,0.25,0.75,0.25,
95,Bryce Jarvis,686826,FC,4,0.114,88.0,0.0,0.25,0.25,0.5
96,Bryce Jarvis,686826,FF,5,0.143,94.2,0.0,0.4,0.4,1.0
97,Bryce Jarvis,686826,SI,12,0.343,92.9,0.0,0.417,0.333,0.667
98,Bryce Jarvis,686826,SL,10,0.286,85.1,0.1,0.4,0.6,
99,Cade Smith,671922,FF,9,0.6,97.2,0.222,0.667,0.222,0.0
100,Cade Smith,671922,FS,3,0.2,90.0,0.0,0.333,0.667,
101,Cade Smith,671922,ST,3,0.2,86.2,0.667,1.0,0.0,
102,Caleb Ferguson,657571,FC,6,0.2,88.1,0.0,0.667,0.0,0.5
103,Caleb Ferguson,657571,FF,13,0.433,93.4,0.154,0.385,0.462,0.5
104,Caleb Ferguson,657571,SI,7,0.233,93.6,0.143,0.571,0.429,
105,Caleb Ferguson,657571,SV,4,0.133,78.4,0.0,0.0,1.0,
106,Caleb Thielbar,573204,CU,7,0.269,75.4,0.286,0.714,0.143,1.0
107,Caleb Thielbar,573204,FF,6,0.231,92.4,0.0,0.5,0.5,
108,Caleb Thielbar,573204,SL,8,0.308,87.6,0.0,0.125,0.5,0.0
109,Caleb Thielbar,573204,ST,5,0.192,80.9,0.0,0.4,0.4,0.0
110,Cam Booser,592155,FC,8,0.444,88.7,0.5,0.5,0.375,0.0
111,Cam Booser,592155,FF,8,0.444,96.0,0.125,0.625,0.375,
112,Cam Booser,592155,ST,2,0.111,82.6,0.5,1.0,0.0,
113,Carlos Estevez,608032,CH,3,0.214,85.7,0.0,0.0,1.0,
114,Carlos Estevez,608032,FF,7,0.5,94.2,0.143,0.286,0.429,0.5
115,Carlos Estevez,608032,SL,4,0.286,87.3,0.0,1.0,0.0,
116,Carlos Rodon,607074,CH,18,0.202,86.2,0.167,0.444,0.389,1.0
117,Carlos Rodon,607074,CU,9,0.101,81.0,0.0,0.556,0.444,
118,Carlos Rodon,607074,FF,23,0.258,95.2,0.0,0.304,0.435,0.5
119,Carlos Rodon,607074,SI,11,0.124,93.0,0.091,0.545,0.273,0.5
120,Carlos Rodon,607074,SL,28,0.315,86.6,0.321,0.679,0.25,0.5
121,Carlos Vargas,672841,FC,8,0.471,92.2,0.125,0.375,0.375,1.0
122,Carlos Vargas,672841,SI,4,0.235,95.8,0.0,0.0,0.25,0.333
123,Carlos Vargas,672841,SL,5,0.294,86.0,0.0,0.4,0.2,0.5
124,Chad Green,643338,FF,5,0.625,95.2,0.6,0.6,0.4,
125,Chad Green,643338,SL,3,0.375,87.1,0.333,0.667,0.0,0.0
126,Charlie Morton,450203,CH,9,0.112,86.3,0.0,0.222,0.444,0.333
127,Charlie Morton,450203,CU,23,0.288,81.1,0.087,0.478,0.391,0.0
128,Charlie Morton,450203,FC,4,0.05,88.1,0.25,0.75,0.0,0.0
129,Charlie Morton,450203,FF,32,0.4,94.5,0.188,0.438,0.5,0.5
130,Charlie Morton,450203,SI,12,0.15,94.1,0.0,0.333,0.25,0.4
131,Chris Martin,455119,FC,6,0.375,91.5,0.167,0.5,0.333,0.0
132,Chris Martin,455119,FF,3,0.188,94.3,0.333,0.667,0.333,
133,Chris Martin,455119,FS,6,0.375,88.1,0.333,0.667,0.0,1.0
134,Chris Martin,455119,SI,1,0.062,94.0,0.0,1.0,0.0,
135,Chris Roycroft,688297,FC,2,0.2,89.5,0.0,0.5,0.5,
136,Chris Roycroft,688297,FF,2,0.2,94.1,0.5,1.0,0.0,
137,Chris Roycroft,688297,SI,6,0.6,94.6,0.0,0.333,0.333,0.5
138,Chris Sale,519242,CH,20,0.238,86.7,0.2,0.5,0.35,0.667
139,Chris Sale,519242,FF,25,0.298,94.2,0.12,0.52,0.32,0.5
140,Chris Sale,519242,SI,4,0.048,93.7,0.25,0.75,0.0,1.0
141,Chris Sale,519242,SL,35,0.417,79.0,0.171,0.514,0.314,0.5
142,Cionel Perez,672335,FC,6,0.214,88.6,0.0,0.5,0.333,1.0
143,Cionel Perez,672335,FF,4,0.143,96.4,0.0,0.75,0.25,
144,Cionel Perez,672335,SI,11,0.393,95.8,0.091,0.364,0.636,
145,Cionel Perez,672335,SL,7,0.25,83.4,0.143,0.286,0.286,0.333
146,Clay Holmes,605280,CH,4,0.045,87.7,0.25,0.5,0.5,
147,Clay Holmes,605280,FC,5,0.056,90.8,0.0,0.4,0.6,
148,Clay Holmes,605280,FF,2,0.022,93.4,0.0,0.0,1.0,
149,Clay Holmes,605280,SI,44,0.494,94.1,0.091,0.523,0.295,0.75
150,Clay Holmes,605280,SL,8,0.09,85.2,0.0,0.25,0.5,1.0
151,Clay Holmes,605280,ST,26,0.292,81.6,0.077,0.385,0.462,0.5
152,Cole Ragans,666142,CH,13,0.157,83.5,0.385,0.538,0.308,0.5
153,Cole Ragans,666142,CU,5,0.06,80.6,0.0,0.2,0.4,1.0
154,Cole Ragans,666142,FC,16,0.193,91.0,0.125,0.625,0.312,0.0
155,Cole Ragans,666142,FF,41,0.494,95.3,0.049,0.415,0.39,0.25
156,Cole Ragans,666142,SL,8,0.096,86.4,0.125,0.375,0.125,0.5
157,Cole Sands,663485,FC,8,0.571,90.5,0.125,0.25,0.75,
158,Cole Sands,663485,FF,5,0.357,95.4,0.4,0.6,0.0,0.0
159,Cole Sands,663485,FS,1,0.071,86.9,0.0,0.0,1.0,
160,Colin Holderman,670059,FC,6,0.162,87.1,0.167,0.833,0.167,
161,Colin Holderman,670059,FF,9,0.243,96.6,0.111,0.444,0.556,
162,Colin Holderman,670059,FS,3,0.081,88.5,0.333,0.667,0.333,
163,Colin Holderman,670059,SI,7,0.189,95.8,0.0,0.286,0.571,1.0
164,Colin Holderman,670059,ST,12,0.324,80.4,0.25,0.5,0.25,0.333
165,Colin Poche,621363,FF,10,0.526,92.9,0.0,0.5,0.4,0.0
166,Colin Poche,621363,SL,9,0.474,83.5,0.0,0.111,0.778,0.0
167,Connor Gillispie,687362,CH,9,0.106,87.5,0.0,0.444,0.222,1.0
168,Connor Gillispie,687362,FC,17,0.2,86.5,0.118,0.647,0.235,0.0
169,Connor Gillispie,687362,FF,31,0.365,91.7,0.065,0.355,0.484,0.0
170,Connor Gillispie,687362,SL,28,0.329,81.4,0.107,0.393,0.393,0.333
171,Danny Young,664849,FC,1,0.071,89.4,0.0,0.0,0.0,0.0
172,Danny Young,664849,SI,5,0.357,92.9,0.2,0.4,0.2,1.0
173,Danny Young,664849,ST,8,0.571,81.9,0.125,0.625,0.375,
174,David Bednar,670280,CU,12,0.462,76.6,0.167,0.333,0.583,1.0
175,David Bednar,670280,FF,14,0.538,96.6,0.286,0.571,0.143,0.25
176,Daysbel Hernandez,678226,FF,2,0.286,97.8,0.0,0.0,0.0,0.5
177,Daysbel Hernandez,678226,SI,1,0.143,98.3,0.0,1.0,0.0,
178,Daysbel Hernandez,678226,SL,4,0.571,88.4,0.0,0.75,0.25,
179,Dennis Santana,642701,CH,1,0.056,86.4,0.0,0.0,1.0,
180,Dennis Santana,642701,FC,1,0.056,91.2,0.0,0.0,1.0,
181,Dennis Santana,642701,FF,5,0.278,95.6,0.4,0.6,0.4,
182,Dennis Santana,642701,SI,2,0.111,95.1,0.0,1.0,0.0,
183,Dennis Santana,642701,SL,9,0.5,85.6,0.222,0.444,0.556,
184,Devin Williams,642207,CH,24,0.667,84.5,0.125,0.458,0.458,0.0
185,Devin Williams,642207,FF,12,0.333,93.5,0.083,0.583,0.333,1.0
186,Dylan Cease,656302,CH,10,0.108,79.1,0.2,0.5,0.5,
187,Dylan Cease,656302,CU,7,0.075,81.0,0.143,0.571,0.429,
188,Dylan Cease,656302,FF,28,0.301,97.4,0.107,0.679,0.214,0.0
189,Dylan Cease,656302,SI,5,0.054,96.3,0.0,0.6,0.0,1.0
190,Dylan Cease,656302,SL,43,0.462,89.6,0.163,0.465,0.419,0.2
191,Dylan Lee,669276,CH,2,0.095,85.2,0.0,0.0,1.0,
192,Dylan Lee,669276,FF,3,0.143,93.2,0.0,0.667,0.333,
193,Dylan Lee,669276,SL,16,0.762,83.7,0.062,0.312,0.25,0.429
194,Eduard Bazardo,660825,FF,10,0.526,93.2,0.1,0.6,0.3,0.0
195,Eduard Bazardo,660825,SI,3,0.158,92.4,0.0,0.0,0.667,1.0
196,Eduard Bazardo,660825,SL,6,0.316,83.4,0.0,0.167,0.833,
197,Eduardo Salazar,674285,FF,8,0.667,94.8,0.25,0.625,0.375,
198,Eduardo Salazar,674285,SI,2,0.167,93.6,0.0,0.0,0.0,0.5
199,Eduardo Salazar,674285,SL,2,0.167,86.8,0.0,0.5,0.5,
200,Edwin Diaz,621242,FF,8,0.533,97.6,0.125,0.625,0.375,
201,Edwin Diaz,621242,SL,7,0.467,89.2,0.143,0.714,0.0,0.0
202,Eli Morgan,669212,CH,21,0.477,79.2,0.143,0.571,0.333,0.5
203,Eli Morgan,669212,FF,12,0.273,92.0,0.083,0.5,0.167,0.5
204,Eli Morgan,669212,SL,11,0.25,87.2,0.273,0.636,0.273,0.0
205,Emilio Pagan,641941,FC,3,0.2,85.4,0.0,1.0,0.0,
206,Emilio Pagan,641941,FF,12,0.8,94.3,0.25,0.667,0.25,0.0
207,Emmanuel Clase,661403,FC,11,0.611,99.3,0.182,0.545,0.182,0.0
208,Emmanuel Clase,661403,SL,7,0.389,91.0,0.429,0.429,0.286,0.5
209,Erik Miller,669062,CH,2,0.167,88.0,0.5,0.5,0.5,
210,Erik Miller,669062,FF,7,0.583,97.0,0.286,0.857,0.0,0.0
211,Erik Miller,669062,SI,3,0.25,96.9,0.0,0.0,0.667,1.0
212,Framber Valdez,664285,CH,11,0.122,89.7,0.0,0.273,0.636,0.0
213,Framber Valdez,664285,CU,31,0.344,80.4,0.29,0.484,0.419,1.0
214,Framber Valdez,664285,SI,45,0.5,94.8,0.044,0.378,0.289,0.4
215,Framber Valdez,664285,SL,3,0.033,84.7,0.333,0.667,0.333,
216,Freddy Peralta,642547,CH,24,0.258,90.0,0.208,0.417,0.417,1.0
217,Freddy Peralta,642547,CU,15,0.161,80.9,0.2,0.333,0.667,
218,Freddy Peralta,642547,FF,52,0.559,95.1,0.115,0.615,0.25,0.0
219,Freddy Peralta,642547,SL,2,0.022,82.9,0.0,0.0,1.0,
220,Garrett Crochet,676979,CH,1,0.011,89.3,0.0,0.0,0.0,1.0
221,Garrett Crochet,676979,FC,43,0.489,90.2,0.209,0.581,0.279,0.5
222,Garrett Crochet,676979,FF,30,0.341,96.4,0.133,0.567,0.267,0.4
223,Garrett Crochet,676979,SI,7,0.08,95.7,0.143,0.286,0.429,0.5
224,Garrett Crochet,676979,ST,7,0.08,83.3,0.0,0.286,0.571,1.0
225,Garrett Whitlock,676477,CH,3,0.13,84.0,0.0,0.0,0.333,0.5
226,Garrett Whitlock,676477,SI,15,0.652,95.7,0.067,0.4,0.4,0.0
227,Garrett Whitlock,676477,SL,3,0.13,85.4,0.0,0.667,0.0,0.0
228,Garrett Whitlock,676477,ST,2,0.087,83.0,0.5,0.5,0.5,
229,George Soriano,666277,CH,6,0.176,85.3,0.0,0.5,0.333,1.0
230,George Soriano,666277,FF,5,0.147,92.7,0.0,0.0,0.8,0.0
231,George Soriano,666277,SI,8,0.235,93.3,0.0,0.25,0.625,0.0
232,George Soriano,666277,SL,15,0.441,83.5,0.067,0.467,0.4,0.5
233,Grant Holmes,656550,CU,2,0.222,84.4,1.0,1.0,0.0,
234,Grant Holmes,656550,FC,1,0.111,91.5,0.0,0.0,0.0,1.0
235,Grant Holmes,656550,FF,3,0.333,95.4,0.0,0.667,0.333,
236,Grant Holmes,656550,SL,3,0.333,86.0,0.667,0.667,0.333,
237,Greg Weissert,669711,FF,2,0.2,92.8,0.0,0.5,0.0,0.0
238,Greg Weissert,669711,SI,5,0.5,92.3,0.0,0.6,0.2,1.0
239,Greg Weissert,669711,SL,3,0.3,86.3,0.0,0.0,0.667,0.0
240,Gregory Santos,666619,SI,5,0.417,98.5,0.2,0.6,0.2,1.0
241,Gregory Santos,666619,SL,7,0.583,89.4,0.0,0.143,0.571,0.5
242,Gregory Soto,642397,FF,7,0.35,97.9,0.0,0.714,0.286,
243,Gregory Soto,642397,SI,7,0.35,98.4,0.0,0.857,0.143,
244,Gregory Soto,642397,SL,6,0.3,87.8,0.167,0.667,0.333,
245,Griffin Jax,643377,CH,6,0.286,92.2,0.167,0.667,0.333,
246,Griffin Jax,643377,CU,1,0.048,86.5,0.0,0.0,0.0,0.0
247,Griffin Jax,643377,FF,10,0.476,97.5,0.1,0.7,0.2,0.0
248,Griffin Jax,643377,SI,2,0.095,96.4,0.0,1.0,0.0,
249,Griffin Jax,643377,ST,2,0.095,88.8,0.0,0.0,1.0,
250,Hector Neris,593576,FF,4,0.222,93.1,0.0,0.5,0.25,0.0
251,Hector Neris,593576,FS,10,0.556,83.0,0.0,0.4,0.5,1.0
252,Hector Neris,593576,SI,3,0.167,93.4,0.0,0.333,0.333,0.0
253,Hector Neris,593576,SL,1,0.056,84.4,0.0,1.0,0.0,
254,Hoby Milner,571948,CH,1,0.077,81.7,0.0,0.0,1.0,
255,Hoby Milner,571948,FF,3,0.231,88.4,0.333,0.333,0.333,1.0
256,Hoby Milner,571948,SI,5,0.385,86.9,0.2,0.8,0.0,0.0
257,Hoby Milner,571948,ST,4,0.308,78.1,0.0,0.5,0.5,
258,Huascar Brazoban,623211,CH,9,0.265,90.8,0.333,0.556,0.444,
259,Huascar Brazoban,623211,FC,8,0.235,91.9,0.25,0.5,0.25,0.5
260,Huascar Brazoban,623211,FF,4,0.118,97.2,0.25,0.5,0.25,0.0
261,Huascar Brazoban,623211,SI,13,0.382,97.0,0.154,0.385,0.385,0.667
262,Hunter Bigge,685801,FF,5,0.5,96.0,0.0,0.4,0.2,0.5
263,Hunter Bigge,685801,SL,5,0.5,87.0,0.2,0.4,0.6,
264,Hunter Brown,686613,CH,22,0.229,88.8,0.136,0.455,0.455,1.0
265,Hunter Brown,686613,CU,19,0.198,85.0,0.105,0.474,0.526,
266,Hunter Brown,686613,FC,9,0.094,94.4,0.111,0.222,0.333,0.25
267,Hunter Brown,686613,FF,24,0.25,97.8,0.083,0.542,0.333,0.667
268,Hunter Brown,686613,SI,15,0.156,96.8,0.267,0.667,0.267,0.0
269,Hunter Brown,686613,SL,7,0.073,90.9,0.143,0.429,0.143,0.667
270,Hunter Gaddis,683769,CH,1,0.05,77.5,0.0,0.0,1.0,
271,Hunter Gaddis,683769,FF,6,0.3,95.4,0.0,0.5,0.333,1.0
272,Hunter Gaddis,683769,SL,13,0.65,90.5,0.231,0.615,0.308,1.0
273,Hunter Greene,668881,CU,3,0.036,84.6,0.333,0.667,0.333,
274,Hunter Greene,668881,FF,59,0.702,99.2,0.169,0.627,0.237,0.25
275,Hunter Greene,668881,FS,3,0.036,87.2,0.0,0.0,1.0,
276,Hunter Greene,668881,SL,19,0.226,87.2,0.211,0.526,0.368,0.0
277,Hunter Harvey,640451,CU,1,0.143,82.5,0.0,0.0,0.0,1.0
278,Hunter Harvey,640451,FF,4,0.571,96.4,0.0,0.75,0.0,1.0
279,Hunter Harvey,640451,FS,2,0.286,88.6,0.0,0.0,1.0,
280,Ian Gibaut,664139,CH,3,0.111,85.9,0.0,0.333,0.667,
281,Ian Gibaut,664139,FC,1,0.037,92.5,0.0,1.0,0.0,
282,Ian Gibaut,664139,FF,13,0.481,94.6,0.0,0.385,0.462,1.0
283,Ian Gibaut,664139,ST,10,0.37,84.4,0.1,0.6,0.3,0.0
284,Jack Dreyer,676263,CU,1,0.053,78.7,0.0,1.0,0.0,
285,Jack Dreyer,676263,FF,9,0.474,93.6,0.111,0.667,0.111,0.0
286,Jack Dreyer,676263,SL,9,0.474,88.6,0.222,0.444,0.333,0.5
287,Jack Flaherty,656427,CH,5,0.06,85.4,0.2,0.6,0.4,
288,Jack Flaherty,656427,CU,15,0.181,77.2,0.267,0.533,0.267,1.0
289,Jack Flaherty,656427,FF,39,0.47,93.6,0.077,0.436,0.308,0.3
290,Jack Flaherty,656427,SI,2,0.024,89.1,0.0,0.0,1.0,
291,Jack Flaherty,656427,SL,22,0.265,84.4,0.136,0.364,0.591,0.0
292,Jack Leiter,683004,CH,13,0.159,91.6,0.0,0.308,0.538,0.5
293,Jack Leiter,683004,CU,7,0.085,82.7,0.0,0.286,0.429,1.0
294,Jack Leiter,683004,FF,29,0.354,97.8,0.207,0.414,0.379,0.667
295,Jack Leiter,683004,SI,23,0.28,96.7,0.174,0.522,0.348,0.667
296,Jack Leiter,683004,SL,10,0.122,88.7,0.2,0.4,0.4,0.0
297,Jacob Barnes,606930,CH,3,0.125,87.6,0.333,0.333,0.667,
298,Jacob Barnes,606930,FC,8,0.333,87.2,0.0,0.0,0.75,1.0
299,Jacob Barnes,606930,FF,13,0.542,94.4,0.0,0.615,0.231,0.0
300,Jacob Webb,657097,CH,6,0.4,85.4,0.167,0.667,0.167,0.0
301,Jacob Webb,657097,FF,7,0.467,93.8,0.0,0.286,0.429,0.5
302,Jacob Webb,657097,ST,2,0.133,82.6,0.0,1.0,0.0,
303,Jalen Beeks,656222,CH,6,0.429,89.4,0.5,0.667,0.167,1.0
304,Jalen Beeks,656222,FC,3,0.214,83.5,0.0,0.333,0.0,1.0
305,Jalen Beeks,656222,FF,5,0.357,94.2,0.0,0.2,0.6,0.0
306,Jameson Taillon,592791,CH,4,0.05,84.4,0.0,0.0,0.25,0.667
307,Jameson Taillon,592791,CU,14,0.175,79.6,0.071,0.357,0.5,0.5
308,Jameson Taillon,592791,FC,16,0.2,86.9,0.062,0.5,0.312,0.333
309,Jameson Taillon,592791,FF,28,0.35,92.9,0.071,0.464,0.286,0.143
310,Jameson Taillon,592791,SI,11,0.138,93.3,0.091,0.364,0.273,0.25
311,Jameson Taillon,592791,ST,7,0.088,79.7,0.143,0.286,0.429,0.5
312,Jared Koenig,657649,FC,6,0.286,91.6,0.167,0.333,0.5,1.0
313,Jared Koenig,657649,SI,15,0.714,95.4,0.0,0.267,0.533,0.333
314,Jason Adam,592094,CH,11,0.314,88.9,0.091,0.545,0.455,
315,Jason Adam,592094,FF,11,0.314,95.5,0.273,0.636,0.182,0.0
316,Jason Adam,592094,SL,10,0.286,84.6,0.3,0.7,0.3,
317,Jason Adam,592094,ST,3,0.086,79.3,0.333,0.333,0.667,
318,Jeffrey Springs,605488,CH,22,0.265,79.9,0.409,0.5,0.318,0.5
319,Jeffrey Springs,605488,FC,6,0.072,85.5,0.0,0.333,0.667,
320,Jeffrey Springs,605488,FF,41,0.494,89.9,0.146,0.561,0.317,0.4
321,Jeffrey Springs,605488,SL,13,0.157,84.3,0.154,0.615,0.231,0.5
322,Jeffrey Springs,605488,ST,1,0.012,78.6,0.0,0.0,1.0,
323,Jeremiah Estrada,669093,FF,28,0.7,98.0,0.143,0.571,0.25,0.0
324,Jeremiah Estrada,669093,FS,9,0.225,81.9,0.0,0.444,0.444,0.0
325,Jeremiah Estrada,669093,SL,3,0.075,89.4,0.0,0.0,1.0,
326,Jesus Tinoco,622786,CH,1,0.038,89.0,0.0,0.0,1.0,
327,Jesus Tinoco,622786,FF,1,0.038,95.4,0.0,0.0,1.0,
328,Jesus Tinoco,622786,SI,12,0.462,95.3,0.083,0.5,0.333,0.0
329,Jesus Tinoco,622786,SL,12,0.462,84.5,0.0,0.25,0.667,1.0
330,Joe Mantiply,573009,CH,5,0.5,80.1,0.2,0.4,0.2,0.5
331,Joe Mantiply,573009,CU,4,0.4,78.0,0.0,0.75,0.25,
332,Joe Mantiply,573009,SI,1,0.1,87.1,0.0,1.0,0.0,
333,Joel Payamps,606303,FF,1,0.5,93.4,0.0,1.0,0.0,
334,Joel Payamps,606303,SL,1,0.5,83.4,0.0,0.0,0.0,0.0
335,John Brebbia,605154,CH,2,0.2,87.5,0.0,0.0,1.0,
336,John Brebbia,605154,FF,4,0.4,93.1,0.25,0.75,0.0,1.0
337,John Brebbia,605154,SL,4,0.4,85.4,0.25,0.75,0.25,
338,John King,667463,CH,2,0.333,85.4,0.0,0.0,0.5,1.0
339,John King,667463,SI,4,0.667,93.4,0.0,0.75,0.0,1.0
340,Jordan Leasure,673929,FF,7,0.438,96.2,0.0,0.143,0.714,0.0
341,Jordan Leasure,673929,FS,2,0.125,88.1,0.0,0.0,1.0,
342,Jordan Leasure,673929,SL,7,0.438,87.6,0.286,0.429,0.286,1.0
343,Jordan Romano,605447,FF,10,0.345,94.9,0.1,0.4,0.5,1.0
344,Jordan Romano,605447,SL,19,0.655,85.9,0.105,0.421,0.474,0.5
345,Jose A. Ferrer,678606,CH,10,0.294,87.5,0.1,0.3,0.6,0.0
346,Jose A. Ferrer,678606,SI,18,0.529,97.3,0.222,0.667,0.222,0.5
347,Jose A. Ferrer,678606,SL,6,0.176,89.6,0.167,0.5,0.333,0.0
348,Jose Alvarado,621237,CU,1,0.071,86.0,0.0,0.0,1.0,
349,Jose Alvarado,621237,FC,5,0.357,93.8,0.0,0.2,0.6,1.0
350,Jose Alvarado,621237,SI,8,0.571,99.9,0.25,0.75,0.25,
351,Jose Berrios,621244,CH,13,0.144,87.4,0.462,0.615,0.154,0.333
352,Jose Berrios,621244,FC,7,0.078,90.0,0.143,0.429,0.286,0.0
353,Jose Berrios,621244,FF,18,0.2,94.9,0.0,0.278,0.556,0.0
354,Jose Berrios,621244,SI,25,0.278,94.1,0.08,0.48,0.32,0.2
355,Jose Berrios,621244,SV,27,0.3,84.0,0.148,0.519,0.333,0.25
356,Jose Leclerc,600917,CH,7,0.25,86.9,0.143,0.429,0.571,
357,Jose Leclerc,600917,FC,2,0.071,89.3,0.0,0.5,0.5,
358,Jose Leclerc,600917,FF,11,0.393,94.0,0.273,0.818,0.091,0.0
359,Jose Leclerc,600917,SL,8,0.286,80.6,0.25,0.5,0.375,0.0
360,Josh Hader,623352,CH,1,0.029,87.5,0.0,0.0,1.0,
361,Josh Hader,623352,SI,26,0.743,95.9,0.115,0.692,0.269,0.0
362,Josh Hader,623352,SL,8,0.229,83.0,0.125,0.5,0.25,0.5
363,Julian Merryweather,657240,CH,2,0.118,79.8,0.0,0.0,1.0,
364,Julian Merryweather,657240,FF,7,0.412,97.2,0.0,0.286,0.429,1.0
365,Julian Merryweather,657240,SL,8,0.471,86.5,0.125,0.5,0.375,0.0
366,Justin Slaten,686580,CU,1,0.077,84.8,0.0,0.0,1.0,
367,Justin Slaten,686580,FC,8,0.615,91.9,0.375,0.75,0.125,0.0
368,Justin Slaten,686580,FF,3,0.231,97.1,0.333,0.333,0.333,0.0
369,Justin Slaten,686580,ST,1,0.077,85.1,0.0,0.0,1.0,
370,Justin Steele,657006,CH,4,0.028,86.5,0.0,0.25,0.25,0.0
371,Justin Steele,657006,CU,7,0.049,79.8,0.143,0.714,0.286,
372,Justin Steele,657006,FF,66,0.458,91.3,0.091,0.5,0.273,0.333
373,Justin Steele,657006,SI,14,0.097,91.0,0.071,0.429,0.357,0.667
374,Justin Steele,657006,SL,53,0.368,82.2,0.094,0.472,0.358,0.556
375,Justin Sterner,686993,FC,6,0.273,86.7,0.167,0.5,0.5,
376,Justin Sterner,686993,FF,14,0.636,93.4,0.071,0.5,0.429,1.0
377,Justin Sterner,686993,ST,2,0.091,81.6,0.0,0.0,1.0,
378,Justin Topa,623437,CH,3,0.176,85.2,0.0,0.0,1.0,
379,Justin Topa,623437,FC,4,0.235,90.5,0.0,0.75,0.0,0.0
380,Justin Topa,623437,SI,8,0.471,93.4,0.0,0.625,0.375,
381,Justin Topa,623437,ST,2,0.118,82.2,0.0,0.5,0.5,
382,Keegan Akin,669211,CH,1,0.083,84.3,0.0,0.0,1.0,
383,Keegan Akin,669211,FF,10,0.833,92.2,0.0,0.2,0.6,0.5
384,Keegan Akin,669211,SL,1,0.083,86.1,0.0,0.0,1.0,
385,Kevin Gausman,592332,FF,52,0.536,95.4,0.173,0.692,0.192,0.167
386,Kevin Gausman,592332,FS,34,0.351,87.2,0.059,0.265,0.441,0.5
387,Kevin Gausman,592332,SL,11,0.113,85.5,0.0,0.455,0.455,1.0
388,Kirby Yates,489446,FF,20,0.588,92.9,0.35,0.7,0.2,0.5
389,Kirby Yates,489446,FS,14,0.412,86.2,0.286,0.357,0.571,1.0
390,Kyle Finnegan,640448,FF,11,0.478,95.8,0.091,0.273,0.545,0.5
391,Kyle Finnegan,640448,FS,12,0.522,88.6,0.083,0.417,0.5,1.0
392,Kyle Freeland,607536,CH,3,0.045,88.2,0.333,0.333,0.0,0.0
393,Kyle Freeland,607536,CU,11,0.164,84.9,0.364,0.455,0.364,1.0
394,Kyle Freeland,607536,FF,10,0.149,92.5,0.2,0.7,0.0,0.333
395,Kyle Freeland,607536,SI,19,0.284,92.0,0.105,0.684,0.158,0.667
396,Kyle Freeland,607536,SL,9,0.134,88.8,0.0,0.444,0.556,
397,Kyle Freeland,607536,ST,15,0.224,85.1,0.2,0.667,0.133,0.667
398,Kyle Leahy,681517,CH,3,0.136,89.4,0.0,0.333,0.667,
399,Kyle Leahy,681517,CU,3,0.136,82.3,0.0,0.667,0.333,
400,Kyle Leahy,681517,FF,9,0.409,94.8,0.0,0.333,0.556,0.0
401,Kyle Leahy,681517,SL,5,0.227,90.0,0.2,0.4,0.2,0.5
402,Kyle Leahy,681517,ST,2,0.091,85.4,0.0,1.0,0.0,
403,Lake Bachar,669199,FF,10,0.4,93.6,0.4,0.6,0.2,0.0
404,Lake Bachar,669199,FS,1,0.04,80.8,0.0,0.0,1.0,
405,Lake Bachar,669199,SL,3,0.12,87.9,0.0,0.333,0.667,
406,Lake Bachar,669199,ST,11,0.44,84.8,0.0,0.455,0.455,0.0
407,Landon Knack,689017,CH,8,0.267,85.4,0.625,0.75,0.125,1.0
408,Landon Knack,689017,CU,7,0.233,81.3,0.143,0.429,0.571,
409,Landon Knack,689017,FF,14,0.467,94.2,0.071,0.429,0.357,0.667
410,Landon Knack,689017,SL,1,0.033,86.5,0.0,0.0,1.0,
411,Logan Gilbert,669302,CU,10,0.12,83.2,0.2,0.4,0.6,
412,Logan Gilbert,669302,FF,24,0.289,95.6,0.083,0.708,0.042,0.5
413,Logan Gilbert,669302,FS,21,0.253,82.8,0.429,0.571,0.333,0.5
414,Logan Gilbert,669302,SL,28,0.337,88.0,0.107,0.429,0.321,0.429
415,Logan Webb,657277,CH,9,0.115,86.0,0.111,0.111,0.556,0.333
416,Logan Webb,657277,FC,13,0.167,90.3,0.154,0.462,0.462,1.0
417,Logan Webb,657277,FF,2,0.026,92.6,0.0,0.0,1.0,
418,Logan Webb,657277,SI,37,0.474,92.3,0.081,0.541,0.297,0.667
419,Logan Webb,657277,ST,17,0.218,84.6,0.059,0.294,0.471,0.25
420,Louis Varland,686973,CH,2,0.167,91.0,0.0,0.0,0.5,1.0
421,Louis Varland,686973,CU,1,0.083,87.7,0.0,0.0,1.0,
422,Louis Varland,686973,FF,6,0.5,97.8,0.0,0.5,0.333,0.0
423,Louis Varland,686973,SI,1,0.083,96.8,0.0,0.0,0.0,1.0
424,Louis Varland,686973,SL,2,0.167,90.1,0.0,0.5,0.0,0.0
425,Lucas Erceg,668674,CH,3,0.3,90.2,0.0,0.333,0.667,
426,Lucas Erceg,668674,FF,1,0.1,98.2,0.0,1.0,0.0,
427,Lucas Erceg,668674,SI,3,0.3,99.0,0.0,0.333,0.0,0.5
428,Lucas Erceg,668674,SL,3,0.3,85.8,0.0,0.667,0.333,
429,Lucas Sims,608371,FC,1,0.083,87.7,0.0,0.0,1.0,
430,Lucas Sims,608371,FF,6,0.5,96.0,0.167,0.667,0.167,0.0
431,Lucas Sims,608371,SL,1,0.083,86.0,0.0,0.0,1.0,
432,Lucas Sims,608371,ST,4,0.333,86.0,0.0,0.5,0.25,0.0
433,Luis Castillo,622491,CH,16,0.193,87.2,0.125,0.438,0.375,1.0
434,Luis Castillo,622491,FF,32,0.386,94.4,0.094,0.375,0.5,0.25
435,Luis Castillo,622491,SI,16,0.193,94.2,0.125,0.438,0.312,0.75
436,Luis Castillo,622491,SL,19,0.229,84.2,0.158,0.474,0.368,1.0
437,Luis Contreras,664351,CH,4,0.25,84.5,0.25,0.5,0.5,
438,Luis Contreras,664351,FF,6,0.375,92.2,0.167,0.5,0.333,0.0
439,Luis Contreras,664351,SL,3,0.188,86.3,0.0,0.667,0.333,
440,Luis Contreras,664351,ST,3,0.188,77.9,0.0,0.333,0.667,
441,Luis Garcia,472610,FF,2,0.051,96.0,0.0,0.5,0.5,
442,Luis Garcia,472610,FS,7,0.179,86.8,0.286,0.429,0.429,1.0
443,Luis Garcia,472610,SI,16,0.41,95.6,0.0,0.312,0.438,0.5
444,Luis Garcia,472610,SL,3,0.077,82.7,0.333,0.333,0.333,0.0
445,Luis Garcia,472610,ST,11,0.282,82.0,0.091,0.545,0.364,1.0
446,Luis Severino,622663,CH,4,0.04,86.8,0.0,0.25,0.25,0.5
447,Luis Severino,622663,FC,11,0.111,93.6,0.182,0.545,0.273,0.0
448,Luis Severino,622663,FF,30,0.303,96.2,0.133,0.433,0.433,0.5
449,Luis Severino,622663,SI,20,0.202,95.7,0.1,0.5,0.4,1.0
450,Luis Severino,622663,SL,1,0.01,83.8,0.0,0.0,1.0,
451,Luis Severino,622663,ST,33,0.333,85.3,0.121,0.394,0.485,0.25
452,Luke Jackson,592426,CU,1,0.033,85.9,0.0,0.0,1.0,
453,Luke Jackson,592426,FF,10,0.333,94.3,0.1,0.6,0.2,0.0
454,Luke Jackson,592426,SL,19,0.633,87.6,0.105,0.368,0.474,0.333
455,Luke Weaver,596133,CH,8,0.421,86.2,0.25,0.5,0.5,
456,Luke Weaver,596133,FC,3,0.158,86.6,0.0,0.333,0.333,1.0
457,Luke Weaver,596133,FF,8,0.421,93.4,0.125,0.625,0.375,
458,MacKenzie Gore,669022,CH,9,0.097,86.3,0.222,0.556,0.444,
459,MacKenzie Gore,669022,CU,14,0.151,82.4,0.071,0.714,0.286,
460,MacKenzie Gore,669022,FC,6,0.065,90.1,0.5,0.833,0.0,0.0
461,MacKenzie Gore,669022,FF,41,0.441,95.8,0.146,0.634,0.293,0.667
462,MacKenzie Gore,669022,SL,23,0.247,86.5,0.348,0.652,0.304,0.0
463,Marc Church,687847,FF,8,0.727,97.1,0.0,0.25,0.625,1.0
464,Marc Church,687847,SL,3,0.273,87.9,0.0,0.333,0.333,0.0
465,Mark Leiter Jr.,643410,CU,4,0.333,73.2,0.0,0.75,0.25,
466,Mark Leiter Jr.,643410,FS,6,0.5,86.4,0.5,0.667,0.167,1.0
467,Mark Leiter Jr.,643410,SI,2,0.167,94.3,0.5,0.5,0.5,
468,Mason Montgomery,682254,FF,8,0.667,99.4,0.375,0.5,0.125,0.333
469,Mason Montgomery,682254,SL,4,0.333,89.6,0.25,1.0,0.0,
470,Matt Strahm,621381,CH,2,0.105,83.9,0.0,0.5,0.5,
471,Matt Strahm,621381,FC,2,0.105,87.3,0.0,0.5,0.5,
472,Matt Strahm,621381,FF,7,0.368,92.1,0.286,0.714,0.286,
473,Matt Strahm,621381,SI,2,0.105,91.8,0.0,0.5,0.0,1.0
474,Matt Strahm,621381,SL,6,0.316,83.1,0.0,0.5,0.333,1.0
475,Merrill Kelly,518876,CH,13,0.153,87.9,0.154,0.308,0.538,1.0
476,Merrill Kelly,518876,CU,8,0.094,81.6,0.0,0.5,0.5,
477,Merrill Kelly,518876,FC,5,0.059,91.0,0.0,0.0,0.6,0.0
478,Merrill Kelly,518876,FF,29,0.341,91.4,0.069,0.448,0.276,0.5
479,Merrill Kelly,518876,SI,17,0.2,92.1,0.059,0.353,0.471,0.333
480,Merrill Kelly,518876,SL,13,0.153,86.4,0.231,0.462,0.308,0.667
481,Michael King,650633,CH,21,0.276,87.7,0.048,0.238,0.429,0.571
482,Michael King,650633,FF,21,0.276,93.6,0.095,0.429,0.524,0.0
483,Michael King,650633,SI,22,0.289,92.6,0.091,0.545,0.409,1.0
484,Michael King,650633,SL,4,0.053,84.9,0.25,0.5,0.5,
485,Michael King,650633,ST,8,0.105,81.8,0.0,0.5,0.5,
486,Mike Clevinger,605182,FC,6,0.4,90.5,0.0,0.5,0.5,
487,Mike Clevinger,605182,FF,5,0.333,95.6,0.4,0.6,0.4,
488,Mike Clevinger,605182,ST,4,0.267,80.2,0.0,0.5,0.5,
489,Mitch Keller,656605,CH,11,0.128,87.9,0.091,0.364,0.455,0.5
490,Mitch Keller,656605,CU,4,0.047,76.5,0.0,0.0,1.0,
491,Mitch Keller,656605,FF,34,0.395,93.2,0.059,0.529,0.235,0.125
492,Mitch Keller,656605,SI,8,0.093,92.4,0.125,0.75,0.25,
493,Mitch Keller,656605,SL,16,0.186,86.6,0.188,0.438,0.25,0.6
494,Mitch Keller,656605,ST,13,0.151,81.2,0.077,0.385,0.385,0.667
495,Mitch Spence,687765,CU,3,0.097,82.9,0.0,0.0,0.667,1.0
496,Mitch Spence,687765,FC,22,0.71,93.4,0.136,0.545,0.227,0.8
497,Mitch Spence,687765,SI,3,0.097,94.3,0.0,0.333,0.667,
498,Mitch Spence,687765,SL,3,0.097,85.4,0.333,0.333,0.667,
499,Nate Pearson,663878,CU,3,0.062,84.2,0.0,0.333,0.667,
500,Nate Pearson,663878,FF,28,0.583,98.6,0.0,0.464,0.357,0.0
501,Nate Pearson,663878,SL,17,0.354,89.6,0.176,0.353,0.647,
502,Nathan Eovaldi,543135,CU,22,0.253,77.2,0.455,0.682,0.273,1.0
503,Nathan Eovaldi,543135,FC,16,0.184,91.2,0.125,0.562,0.312,0.5
504,Nathan Eovaldi,543135,FF,33,0.379,94.6,0.0,0.424,0.364,0.429
505,Nathan Eovaldi,543135,FS,15,0.172,87.7,0.333,0.667,0.2,1.0
506,Nathan Eovaldi,543135,SL,1,0.011,83.8,0.0,0.0,1.0,
507,Nick Sandlin,680704,FF,11,0.297,91.9,0.0,0.182,0.727,0.0
508,Nick Sandlin,680704,FS,10,0.27,83.5,0.3,0.5,0.4,1.0
509,Nick Sandlin,680704,SI,1,0.027,92.3,0.0,0.0,1.0,
510,Nick Sandlin,680704,SL,15,0.405,79.5,0.2,0.467,0.333,0.333
511,Nicky Lopez,670032,FF,8,1.0,64.3,0.0,0.25,0.625,0.0
512,Orion Kerkering,689147,FF,3,0.25,97.0,0.333,0.667,0.333,
513,Orion Kerkering,689147,ST,9,0.75,86.1,0.222,0.444,0.111,0.25
514,Pablo Lopez,641154,CH,18,0.207,87.5,0.278,0.556,0.278,0.667
515,Pablo Lopez,641154,CU,5,0.057,81.6,0.0,0.4,0.6,
516,Pablo Lopez,641154,FF,36,0.414,94.8,0.056,0.417,0.361,0.5
517,Pablo Lopez,641154,SI,11,0.126,93.4,0.182,0.455,0.273,1.0
518,Pablo Lopez,641154,ST,17,0.195,85.1,0.118,0.353,0.353,0.8
519,Paul Sewald,623149,FF,7,0.636,90.0,0.143,0.571,0.143,0.0
520,Paul Sewald,623149,ST,4,0.364,81.8,0.0,0.25,0.75,
521,Paul Skenes,694973,CH,10,0.106,88.3,0.3,0.5,0.4,1.0
522,Paul Skenes,694973,FF,36,0.383,98.1,0.167,0.75,0.194,0.5
523,Paul Skenes,694973,SI,40,0.426,94.0,0.175,0.475,0.4,1.0
524,Paul Skenes,694973,SL,4,0.043,85.6,0.0,0.25,0.25,0.5
525,Paul Skenes,694973,ST,4,0.043,84.6,0.0,0.25,0.5,0.0
526,Penn Murfee,682171,FF,9,0.474,88.4,0.0,0.444,0.556,
527,Penn Murfee,682171,ST,10,0.526,78.6,0.3,0.6,0.4,
528,Pete Fairbanks,664126,CH,2,0.077,93.8,0.0,0.0,1.0,
529,Pete Fairbanks,664126,FF,14,0.538,96.8,0.143,0.571,0.429,
530,Pete Fairbanks,664126,SL,10,0.385,84.5,0.2,0.5,0.5,
531,Phil Maton,664208,CU,2,0.154,76.0,0.0,0.0,0.5,0.0
532,Phil Maton,664208,FC,5,0.385,90.5,0.2,0.6,0.2,1.0
533,Phil Maton,664208,SI,3,0.231,88.7,0.0,0.333,0.667,
534,Phil Maton,664208,ST,3,0.231,81.4,0.0,0.333,0.333,0.0
535,Pierce Johnson,572955,CU,5,0.714,85.7,0.4,0.8,0.0,1.0
536,Pierce Johnson,572955,FC,1,0.143,92.7,0.0,0.0,0.0,1.0
537,Pierce Johnson,572955,FF,1,0.143,94.2,0.0,0.0,1.0,
538,Porter Hodge,687863,FF,17,0.447,95.2,0.059,0.294,0.706,
539,Porter Hodge,687863,FS,1,0.026,90.2,0.0,0.0,1.0,
540,Porter Hodge,687863,ST,20,0.526,84.0,0.35,0.65,0.15,0.75
541,Randy Rodriguez,678495,FF,10,0.526,97.7,0.1,0.5,0.4,1.0
542,Randy Rodriguez,678495,SL,9,0.474,85.1,0.222,0.556,0.333,1.0
543,Reed Garrett,657585,FC,5,0.278,93.2,0.0,0.4,0.4,0.0
544,Reed Garrett,657585,FF,1,0.056,97.5,0.0,0.0,1.0,
545,Reed Garrett,657585,FS,2,0.111,89.2,0.0,0.5,0.5,
546,Reed Garrett,657585,SI,5,0.278,97.6,0.0,0.6,0.4,
547,Reed Garrett,657585,ST,5,0.278,86.9,0.4,0.8,0.2,
548,Reynaldo Lopez,625643,CH,2,0.021,86.1,0.0,0.5,0.0,0.0
549,Reynaldo Lopez,625643,CU,14,0.149,74.8,0.0,0.286,0.5,0.333
550,Reynaldo Lopez,625643,FF,49,0.521,95.6,0.02,0.531,0.143,0.438
551,Reynaldo Lopez,625643,SL,29,0.309,84.5,0.069,0.172,0.759,0.5
552,Richard Lovelady,663992,FF,6,0.286,91.8,0.0,0.333,0.667,
553,Richard Lovelady,663992,SI,7,0.333,92.2,0.0,0.571,0.429,
554,Richard Lovelady,663992,SL,5,0.238,86.7,0.2,0.8,0.2,
555,Richard Lovelady,663992,ST,3,0.143,84.3,0.333,0.333,0.333,0.0
556,Robert Garcia,676395,CH,8,0.333,88.6,0.25,0.375,0.625,
557,Robert Garcia,676395,FF,15,0.625,94.1,0.2,0.6,0.267,0.5
558,Robert Garcia,676395,SL,1,0.042,86.7,0.0,0.0,1.0,
559,Robert Suarez,663158,CH,15,0.395,89.4,0.2,0.4,0.533,1.0
560,Robert Suarez,663158,FF,10,0.263,98.1,0.1,0.6,0.3,1.0
561,Robert Suarez,663158,SI,13,0.342,98.5,0.154,0.462,0.385,0.5
562,Roki Sasaki,808963,FF,37,0.661,98.0,0.054,0.378,0.486,0.4
563,Roki Sasaki,808963,FS,15,0.268,84.5,0.067,0.133,0.8,0.0
564,Roki Sasaki,808963,SL,4,0.071,84.9,0.5,0.75,0.25,
565,Ryan Borucki,621366,CH,2,0.111,84.6,0.0,0.5,0.5,
566,Ryan Borucki,621366,SI,5,0.278,93.2,0.0,0.4,0.4,1.0
567,Ryan Borucki,621366,SL,6,0.333,86.0,0.0,0.5,0.5,
568,Ryan Borucki,621366,ST,5,0.278,83.5,0.6,0.6,0.2,1.0
569,Ryan Brasier,518489,FC,5,0.167,88.8,0.2,0.6,0.2,1.0
570,Ryan Brasier,518489,FF,9,0.3,93.1,0.0,0.444,0.444,0.0
571,Ryan Brasier,518489,SI,3,0.1,93.4,0.0,0.667,0.0,0.0
572,Ryan Brasier,518489,SL,13,0.433,85.2,0.231,0.385,0.538,0.0
573,Ryan Helsley,664854,FF,10,0.526,98.9,0.1,0.7,0.2,1.0
574,Ryan Helsley,664854,SL,9,0.474,91.6,0.333,0.667,0.333,
575,Ryan Johnson,696270,CH,3,0.086,86.8,0.0,0.0,1.0,
576,Ryan Johnson,696270,FC,20,0.571,89.0,0.2,0.55,0.15,0.5
577,Ryan Johnson,696270,FF,5,0.143,94.2,0.0,0.0,0.8,0.0
578,Ryan Johnson,696270,SI,7,0.2,94.6,0.0,0.143,0.714,1.0
579,Ryan Pepiot,686752,CH,21,0.247,85.0,0.381,0.476,0.286,0.8
580,Ryan Pepiot,686752,CU,3,0.035,80.1,0.0,0.333,0.667,
581,Ryan Pepiot,686752,FC,9,0.106,91.9,0.111,0.444,0.444,0.0
582,Ryan Pepiot,686752,FF,33,0.388,95.3,0.061,0.515,0.333,0.4
583,Ryan Pepiot,686752,SL,19,0.224,89.2,0.263,0.526,0.211,0.6
584,Ryan Pressly,519151,CH,3,0.107,89.5,0.0,0.0,1.0,
585,Ryan Pressly,519151,CU,5,0.179,82.7,0.0,0.2,0.8,
586,Ryan Pressly,519151,FF,6,0.214,92.6,0.0,0.333,0.5,1.0
587,Ryan Pressly,519151,SI,3,0.107,93.3,0.0,0.333,0.333,0.0
588,Ryan Pressly,519151,SL,11,0.393,88.8,0.0,0.0,0.545,0.6
589,Ryan Thompson,657044,SI,1,0.333,87.9,0.0,0.0,0.0,1.0
590,Ryan Thompson,657044,SL,2,0.667,77.8,0.0,0.5,0.0,0.0
591,Ryan Walker,676254,SI,8,0.571,95.2,0.0,0.5,0.25,0.5
592,Ryan Walker,676254,SL,6,0.429,83.8,0.167,0.167,0.5,0.0
593,Ryne Nelson,669194,CH,3,0.06,85.1,0.0,0.0,1.0,
594,Ryne Nelson,669194,CU,2,0.04,79.4,0.5,0.5,0.5,
595,Ryne Nelson,669194,FC,13,0.26,90.7,0.154,0.385,0.385,0.667
596,Ryne Nelson,669194,FF,31,0.62,95.8,0.129,0.548,0.29,0.4
597,Ryne Nelson,669194,SL,1,0.02,83.4,0.0,0.0,1.0,
598,Ryne Stanek,592773,FF,11,0.647,98.3,0.091,0.636,0.091,0.333
599,Ryne Stanek,592773,FS,1,0.059,90.6,0.0,0.0,1.0,
600,Ryne Stanek,592773,SL,5,0.294,87.1,0.0,0.2,0.8,
601,Sam Long,669674,CU,2,0.105,75.4,0.0,0.5,0.5,
602,Sam Long,669674,FF,6,0.316,93.6,0.0,0.333,0.167,0.333
603,Sam Long,669674,FS,3,0.158,86.6,0.0,0.333,0.333,1.0
604,Sam Long,669674,SL,8,0.421,84.3,0.125,0.625,0.25,0.0
605,Sam Moll,594580,ST,3,1.0,80.2,0.333,1.0,0.0,
606,Sandy Alcantara,645261,CH,20,0.22,90.0,0.25,0.45,0.5,1.0
607,Sandy Alcantara,645261,CU,6,0.066,84.8,0.333,0.667,0.333,
608,Sandy Alcantara,645261,FF,19,0.209,98.2,0.053,0.526,0.368,0.5
609,Sandy Alcantara,645261,SI,30,0.33,97.2,0.1,0.5,0.367,1.0
610,Sandy Alcantara,645261,SL,16,0.176,88.4,0.312,0.625,0.25,0.5
611,Scott Barlow,605130,FF,2,0.143,93.6,0.0,0.5,0.5,
612,Scott Barlow,605130,SL,6,0.429,84.8,0.167,0.333,0.667,
613,Scott Barlow,605130,ST,6,0.429,81.9,0.333,0.5,0.333,0.0
614,Sean Burke,680732,CH,2,0.027,84.9,0.0,0.0,0.0,1.0
615,Sean Burke,680732,CU,14,0.192,77.8,0.0,0.571,0.357,0.0
616,Sean Burke,680732,FF,27,0.37,94.2,0.111,0.481,0.37,0.25
617,Sean Burke,680732,SI,2,0.027,93.2,0.0,0.0,0.5,0.0
618,Sean Burke,680732,SL,28,0.384,85.6,0.179,0.357,0.286,0.4
619,Seranthony Dominguez,622554,CU,5,0.217,83.9,0.0,0.2,0.4,0.5
620,Seranthony Dominguez,622554,FF,13,0.565,97.8,0.0,0.462,0.462,0.0
621,Seranthony Dominguez,622554,FS,1,0.043,87.4,0.0,0.0,1.0,
622,Seranthony Dominguez,622554,SI,2,0.087,98.0,0.0,0.5,0.5,
623,Seranthony Dominguez,622554,ST,2,0.087,87.0,0.0,0.0,1.0,
624,Shawn Armstrong,542888,FC,6,0.316,90.8,0.167,0.5,0.167,0.5
625,Shawn Armstrong,542888,FF,5,0.263,92.4,0.6,1.0,0.0,
626,Shawn Armstrong,542888,SI,6,0.316,93.9,0.0,0.5,0.333,1.0
627,Shawn Armstrong,542888,ST,2,0.105,86.2,0.0,1.0,0.0,
628,Shelby Miller,571946,FF,11,0.647,94.2,0.273,0.727,0.0,0.0
629,Shelby Miller,571946,FS,4,0.235,87.6,0.5,0.75,0.25,
630,Shelby Miller,571946,ST,2,0.118,81.6,0.0,0.5,0.0,1.0
631,Shota Imanaga,684007,CU,1,0.014,70.7,0.0,1.0,0.0,
632,Shota Imanaga,684007,FF,31,0.449,92.6,0.161,0.452,0.419,0.25
633,Shota Imanaga,684007,FS,27,0.391,83.2,0.259,0.593,0.259,0.25
634,Shota Imanaga,684007,SL,1,0.014,83.1,0.0,0.0,1.0,
635,Shota Imanaga,684007,ST,9,0.13,80.4,0.0,0.222,0.556,0.0
636,Sonny Gray,543243,CH,5,0.065,87.8,0.0,0.4,0.6,
637,Sonny Gray,543243,CU,16,0.208,79.5,0.25,0.562,0.312,0.5
638,Sonny Gray,543243,FC,10,0.13,88.2,0.3,0.6,0.3,0.0
639,Sonny Gray,543243,FF,9,0.117,91.2,0.0,0.333,0.333,0.333
640,Sonny Gray,543243,SI,21,0.273,91.3,0.143,0.476,0.333,0.25
641,Sonny Gray,543243,ST,16,0.208,84.4,0.125,0.438,0.438,0.0
642,Steven Okert,595345,FF,5,0.417,92.6,0.2,0.6,0.2,1.0
643,Steven Okert,595345,SL,7,0.583,80.1,0.429,0.571,0.429,
644,T.J. McFarland,519008,CH,1,0.091,80.6,0.0,1.0,0.0,
645,T.J. McFarland,519008,SI,4,0.364,87.8,0.25,0.25,0.25,0.5
646,T.J. McFarland,519008,ST,6,0.545,78.8,0.333,0.667,0.333,
647,Tanner Houck,656557,FC,1,0.011,85.4,0.0,0.0,1.0,
648,Tanner Houck,656557,FS,19,0.213,89.5,0.0,0.211,0.579,0.75
649,Tanner Houck,656557,SI,42,0.472,94.0,0.071,0.476,0.286,0.4
650,Tanner Houck,656557,ST,27,0.303,84.0,0.185,0.444,0.37,0.2
651,Tanner Scott,656945,FF,24,0.706,95.7,0.167,0.375,0.25,0.111
652,Tanner Scott,656945,SL,10,0.294,87.9,0.2,0.8,0.1,1.0
653,Tarik Skubal,669373,CH,22,0.275,87.9,0.136,0.364,0.455,0.75
654,Tarik Skubal,669373,CU,2,0.025,79.2,0.0,1.0,0.0,
655,Tarik Skubal,669373,FF,33,0.412,97.2,0.121,0.394,0.303,0.3
656,Tarik Skubal,669373,SI,12,0.15,97.4,0.083,0.417,0.333,0.667
657,Tarik Skubal,669373,SL,11,0.138,89.3,0.0,0.727,0.091,0.5
658,Tayler Saucedo,642048,CH,10,0.357,85.1,0.2,0.4,0.3,0.0
659,Tayler Saucedo,642048,FF,2,0.071,90.1,0.0,0.0,1.0,
660,Tayler Saucedo,642048,SI,12,0.429,90.7,0.0,0.417,0.25,0.5
661,Tayler Saucedo,642048,ST,4,0.143,79.5,0.0,0.25,0.75,
662,Tayler Scott,605463,FF,3,0.25,92.6,0.0,0.0,0.667,0.0
663,Tayler Scott,605463,FS,3,0.25,84.9,0.0,0.0,0.667,1.0
664,Tayler Scott,605463,SL,6,0.5,82.6,0.0,0.5,0.333,0.0
665,Tim Herrin,682120,CU,3,0.273,82.7,0.0,0.333,0.667,
666,Tim Herrin,682120,FF,4,0.364,95.1,0.0,1.0,0.0,
667,Tim Herrin,682120,SL,4,0.364,87.3,0.25,0.5,0.25,0.0
668,Tim Hill,657612,FF,2,0.105,90.2,0.0,1.0,0.0,
669,Tim Hill,657612,SI,17,0.895,88.5,0.0,0.529,0.294,1.0
670,Tommy Kahnle,592454,CH,10,0.909,85.9,0.2,0.8,0.1,0.0
671,Tommy Kahnle,592454,FF,1,0.091,93.6,1.0,1.0,0.0,
672,Tony Santillan,663574,FF,9,0.6,96.6,0.222,0.667,0.222,0.0
673,Tony Santillan,663574,SL,6,0.4,87.4,0.167,0.5,0.5,
674,Trent Thornton,663423,FC,1,0.091,89.0,0.0,0.0,0.0,0.0
675,Trent Thornton,663423,FF,1,0.091,93.5,0.0,0.0,1.0,
676,Trent Thornton,663423,SI,3,0.273,94.0,0.333,0.667,0.0,1.0
677,Trent Thornton,663423,SL,2,0.182,88.2,0.0,0.5,0.5,
678,Trent Thornton,663423,ST,4,0.364,80.7,0.25,0.5,0.25,1.0
679,Tyler Alexander,641302,CH,2,0.125,82.8,0.0,0.5,0.5,
680,Tyler Alexander,641302,FC,5,0.312,86.7,0.0,0.8,0.0,0.0
681,Tyler Alexander,641302,FF,7,0.438,91.0,0.143,0.714,0.286,
682,Tyler Alexander,641302,ST,2,0.125,80.2,0.0,0.0,0.5,0.0
683,Tyler Ferguson,621053,FC,3,0.2,88.7,0.0,0.333,0.667,
684,Tyler Ferguson,621053,FF,6,0.4,93.8,0.167,0.167,0.833,
685,Tyler Ferguson,621053,SI,2,0.133,92.6,0.5,0.5,0.5,
686,Tyler Ferguson,621053,ST,4,0.267,83.0,0.0,0.25,0.25,0.0
687,Tyler Holton,663947,CH,2,0.125,83.6,0.0,0.5,0.0,1.0
688,Tyler Holton,663947,CU,1,0.062,81.4,1.0,1.0,0.0,
689,Tyler Holton,663947,FC,6,0.375,88.1,0.0,0.5,0.333,0.0
690,Tyler Holton,663947,FF,1,0.062,91.1,0.0,1.0,0.0,
691,Tyler Holton,663947,SI,3,0.188,90.5,0.0,0.333,0.333,0.0
692,Tyler Holton,663947,ST,3,0.188,80.5,0.667,0.667,0.333,
693,Tyler Kinley,641755,CU,1,0.071,80.0,0.0,0.0,1.0,
694,Tyler Kinley,641755,FF,4,0.286,94.6,0.0,0.25,0.5,1.0
695,Tyler Kinley,641755,SL,9,0.643,86.2,0.0,0.111,0.556,0.0
696,Tyler Phillips,663969,CH,3,0.13,87.0,0.0,0.0,0.0,0.667
697,Tyler Phillips,663969,CU,4,0.174,83.6,0.25,0.5,0.25,1.0
698,Tyler Phillips,663969,FF,3,0.13,94.0,0.0,0.333,0.667,
699,Tyler Phillips,663969,SI,7,0.304,95.1,0.0,0.0,0.429,0.75
700,Tyler Phillips,663969,ST,6,0.261,85.5,0.0,0.5,0.333,0.0
701,Tyler Rogers,643511,SI,10,0.833,81.9,0.0,0.3,0.6,0.0
702,Tyler Rogers,643511,SL,2,0.167,72.8,0.0,0.0,0.0,1.0
703,Tylor Megill,656731,CH,3,0.039,90.8,0.333,0.333,0.333,0.0
704,Tylor Megill,656731,CU,2,0.026,81.0,0.0,0.5,0.5,
705,Tylor Megill,656731,FF,39,0.506,96.4,0.103,0.487,0.436,0.667
706,Tylor Megill,656731,SI,16,0.208,94.7,0.0,0.375,0.125,0.5
707,Tylor Megill,656731,SL,17,0.221,84.8,0.294,0.588,0.412,
708,Victor Vodnik,680767,CH,3,0.25,90.4,0.333,0.333,0.333,1.0
709,Victor Vodnik,680767,FF,7,0.583,97.2,0.143,0.286,0.429,0.0
710,Victor Vodnik,680767,SL,2,0.167,85.9,0.0,1.0,0.0,
711,Wandy Peralta,593974,SI,1,1.0,96.1,0.0,0.0,0.0,1.0
712,Will Vest,676684,CH,2,0.125,89.9,0.0,0.0,1.0,
713,Will Vest,676684,FF,10,0.625,96.8,0.1,0.7,0.1,0.5
714,Will Vest,676684,SL,4,0.25,89.3,0.25,0.5,0.5,
715,Yariel Rodriguez,684320,FF,19,0.528,95.6,0.0,0.368,0.526,0.0
716,Yariel Rodriguez,684320,FS,1,0.028,87.0,0.0,0.0,1.0,
717,Yariel Rodriguez,684320,SL,16,0.444,84.8,0.312,0.562,0.25,0.0
718,Yimi Garcia,554340,CU,3,0.214,86.8,0.0,0.333,0.333,0.0
719,Yimi Garcia,554340,FF,9,0.643,96.2,0.0,0.556,0.333,0.0
720,Yimi Garcia,554340,SI,1,0.071,97.4,0.0,1.0,0.0,
721,Yimi Garcia,554340,ST,1,0.071,85.0,0.0,1.0,0.0,
722,Yoshinobu Yamamoto,808967,CU,24,0.147,77.5,0.083,0.375,0.5,0.667
723,Yoshinobu Yamamoto,808967,FC,8,0.049,90.9,0.5,0.75,0.25,
724,Yoshinobu Yamamoto,808967,FF,65,0.399,95.8,0.015,0.569,0.262,0.545
725,Yoshinobu Yamamoto,808967,FS,58,0.356,91.7,0.328,0.466,0.397,0.875
726,Yoshinobu Yamamoto,808967,SI,7,0.043,95.5,0.286,0.429,0.286,0.5
727,Yoshinobu Yamamoto,808967,SL,1,0.006,87.0,0.0,0.0,1.0,
728,Yuki Matsui,673513,FF,10,0.435,92.0,0.0,0.6,0.3,0.0
729,Yuki Matsui,673513,FS,8,0.348,83.5,0.25,0.375,0.5,0.0
730,Yuki Matsui,673513,SL,1,0.043,87.3,0.0,0.0,1.0,
731,Yuki Matsui,673513,ST,4,0.174,81.0,0.25,0.5,0.25,0.0
732,Yusei Kikuchi,579328,CH,11,0.126,85.5,0.182,0.182,0.455,0.5
733,Yusei Kikuchi,579328,CU,9,0.103,81.6,0.0,0.556,0.111,0.667
734,Yusei Kikuchi,579328,FF,34,0.391,94.4,0.147,0.559,0.294,0.4
735,Yusei Kikuchi,579328,SI,2,0.023,90.2,0.0,0.5,0.0,0.0
736,Yusei Kikuchi,579328,SL,31,0.356,87.4,0.129,0.419,0.419,0.2
737,Zac Gallen,668678,CH,9,0.108,86.3,0.0,0.111,0.778,0.0
738,Zac Gallen,668678,CU,18,0.217,81.4,0.056,0.556,0.389,0.0
739,Zac Gallen,668678,FC,2,0.024,89.8,0.0,0.0,0.5,0.0
740,Zac Gallen,668678,FF,43,0.518,92.9,0.047,0.372,0.512,0.2
741,Zac Gallen,668678,SL,11,0.133,86.8,0.182,0.273,0.273,0.2
742,Zach Eflin,621107,CH,8,0.103,86.5,0.125,0.375,0.25,0.0
743,Zach Eflin,621107,CU,13,0.167,78.6,0.0,0.0,0.462,0.429
744,Zach Eflin,621107,FC,20,0.256,89.1,0.0,0.45,0.4,0.0
745,Zach Eflin,621107,FF,4,0.051,92.1,0.0,0.5,0.5,
746,Zach Eflin,621107,SI,17,0.218,91.7,0.0,0.294,0.412,0.6
747,Zach Eflin,621107,ST,16,0.205,79.8,0.312,0.75,0.25,
748,Zack Wheeler,554430,CU,10,0.103,80.8,0.2,0.4,0.5,1.0
749,Zack Wheeler,554430,FC,15,0.155,92.0,0.133,0.733,0.2,1.0
750,Zack Wheeler,554430,FF,41,0.423,96.0,0.098,0.537,0.366,0.5
751,Zack Wheeler,554430,FS,11,0.113,87.1,0.091,0.545,0.364,0.0
752,Zack Wheeler,554430,SI,10,0.103,94.6,0.0,0.4,0.4,0.5
753,Zack Wheeler,554430,ST,10,0.103,83.9,0.3,0.8,0.1,0.0
